{
  "name": "repo",
  "version": "1.0.0",
  "description": "repo del projecto cine flights, empresa mexicana enfocada en soluciones de grabacion e inspeccion aerea",
  "main": "index.js",
  "scripts": {
    "test": "echo \"Error: no test specified\" && exit 1",
    "build-css": "node-sass --include-path scss scss/main.scss css/main.css",
    "watch-css": "nodemon -e scss -x \"npm run build-css\""

  },
  "repository": {
    "type": "git",
    "url": "git+https://github.com/Chucknds/cineFlights-repo.git"
  },
  "author": "Carlos Rodriguez",
  "license": "ISC",
  "bugs": {
    "url": "https://github.com/Chucknds/cineFlights-repo/issues"
  },
  "homepage": "https://github.com/Chucknds/cineFlights-repo#readme",
  "dependencies": {
    "node-sass": "^7.0.1"
  }
}
